{
	"class_name" : "PinholeCameraParameters",
	"extrinsic" : 
	[
		0.99969079670643601,
		-0.0064594026431431337,
		-0.024012228092060283,
		0.0,
		-0.0057484912249060821,
		-0.99954652919131959,
		0.029558261623848298,
		0.0,
		-0.024192267960828961,
		-0.029411088029524527,
		-0.99927459793183526,
		0.0,
		12.486698099429939,
		13.113186157037942,
		115.65057967915536,
		1.0
	],
	"intrinsic" : 
	{
		"height" : 1055,
		"intrinsic_matrix" : 
		[
			913.65680099258282,
			0.0,
			0.0,
			0.0,
			913.65680099258282,
			0.0,
			959.5,
			527.0,
			1.0
		],
		"width" : 1920
	},
	"version_major" : 1,
	"version_minor" : 0
}